md_m,tvd_m,formation,inclination_deg,rop_m_hr,wob_t,rpm,torque_kNm,flow_lpm,spp_ksc,mud_weight_sg,ecd_sg,gas_units,pore_pressure_sg,overbalance_sg
10.0,10.0,Dihing,0.0,17.04,9.5,102,0.4,2075,61.5,1.08,1.115,3.2,1.02,0.06
20.0,20.0,Dihing,0.0,11.95,9.4,66,0.6,2610,69.9,1.08,1.12,5.7,1.02,0.06
30.0,30.0,Dihing,0.0,13.29,11.6,63,1.32,2675,66.5,1.08,1.138,2.3,1.02,0.06
40.0,40.0,Dihing,0.0,14.38,9.1,103,0.79,2309,67.8,1.08,1.138,2.0,1.02,0.06
50.0,50.0,Dihing,0.0,19.26,10.4,94,-0.08,2479,65.4,1.08,1.119,7.6,1.02,0.06
60.0,60.0,Dihing,0.0,16.99,12.6,69,-0.37,2839,62.5,1.08,1.131,2.6,1.02,0.06
70.0,70.0,Dihing,0.0,13.04,12.0,88,0.71,2955,55.4,1.08,1.137,4.8,1.02,0.06
80.0,80.0,Dihing,0.0,15.91,7.2,106,1.11,2787,55.6,1.08,1.132,4.9,1.02,0.06
90.0,90.0,Dihing,0.0,15.65,8.6,100,-0.28,2681,62.1,1.08,1.117,3.5,1.02,0.06
100.0,100.0,Dihing,0.0,22.28,11.0,115,1.24,2463,69.7,1.08,1.118,3.5,1.02,0.06
110.0,110.0,Dihing,0.0,18.77,11.7,122,0.63,2756,58.1,1.08,1.113,6.0,1.02,0.06
120.0,120.0,Dihing,0.0,15.52,10.4,121,1.31,3060,60.9,1.08,1.113,2.9,1.02,0.06
130.0,130.0,Namsang,0.0,20.77,13.5,84,2.46,2333,63.8,1.09,1.126,3.2,1.03,0.06
140.0,140.0,Namsang,0.0,16.3,8.2,127,0.27,3004,68.1,1.09,1.134,2.1,1.03,0.06
150.0,150.0,Namsang,0.0,18.75,10.2,103,1.72,3067,64.9,1.09,1.136,4.1,1.03,0.06
160.0,160.0,Namsang,0.0,21.44,9.4,94,0.48,1916,63.4,1.09,1.146,0.8,1.03,0.06
170.0,170.0,Namsang,0.0,20.96,10.1,93,0.69,2979,71.6,1.09,1.143,2.1,1.03,0.06
180.0,180.0,Namsang,0.0,14.55,13.4,85,0.52,2334,68.7,1.09,1.132,2.7,1.03,0.06
190.0,190.0,Namsang,0.0,15.23,10.7,78,0.77,2340,65.3,1.09,1.138,0.0,1.03,0.06
200.0,200.0,Namsang,0.0,14.84,11.7,84,1.25,3000,59.5,1.09,1.146,1.7,1.03,0.06
210.0,210.0,Namsang,0.0,18.09,8.9,142,0.9,1955,71.6,1.09,1.152,1.9,1.03,0.06
220.0,220.0,Namsang,0.0,14.05,8.7,98,0.6,2475,59.8,1.09,1.133,0.1,1.03,0.06
230.0,230.0,Namsang,0.0,13.84,8.8,79,2.34,2289,70.2,1.09,1.142,3.9,1.03,0.06
240.0,240.0,Namsang,0.0,16.57,9.8,75,0.57,2953,68.1,1.09,1.14,4.3,1.03,0.06
250.0,250.0,Namsang,0.0,15.31,12.3,124,1.12,2612,67.7,1.09,1.128,4.9,1.03,0.06
260.0,260.0,Namsang,0.0,17.9,11.0,88,0.65,2921,70.7,1.09,1.13,4.2,1.03,0.06
270.0,270.0,Namsang,0.0,17.93,10.5,81,2.58,2180,73.7,1.09,1.139,4.2,1.03,0.06
280.0,280.0,Namsang,0.0,17.0,9.5,87,2.69,2516,66.6,1.09,1.148,0.7,1.03,0.06
290.0,290.0,Namsang,0.0,17.95,11.8,101,0.63,2060,67.6,1.09,1.142,0.4,1.03,0.06
300.0,300.0,Namsang,0.0,13.57,13.0,90,1.79,3153,61.7,1.09,1.125,2.3,1.03,0.06
310.0,310.0,Namsang,0.0,18.07,8.4,72,0.98,2906,69.8,1.09,1.131,6.0,1.03,0.06
320.0,320.0,Namsang,0.0,20.89,11.6,125,2.66,2624,69.6,1.09,1.146,2.4,1.03,0.06
330.0,330.0,Namsang,0.0,17.27,12.8,110,2.41,2582,67.2,1.09,1.128,3.1,1.03,0.06
340.0,340.0,Namsang,0.0,13.48,11.2,105,0.87,2850,70.4,1.09,1.138,5.4,1.03,0.06
350.0,350.0,Namsang,0.0,18.97,11.1,96,1.32,2545,71.3,1.09,1.127,3.9,1.03,0.06
360.0,360.0,Namsang,0.0,20.41,11.2,108,0.71,2640,70.6,1.09,1.137,1.4,1.03,0.06
370.0,370.0,Namsang,0.0,14.28,11.2,145,1.2,1858,59.9,1.09,1.147,2.5,1.03,0.06
380.0,380.0,Namsang,0.0,14.75,9.7,96,1.06,2475,69.3,1.09,1.142,1.9,1.03,0.06
390.0,390.0,Namsang,0.0,18.85,8.3,108,2.59,1882,69.0,1.09,1.132,3.1,1.03,0.06
400.0,400.0,Namsang,0.0,18.75,9.0,104,0.65,2156,60.4,1.09,1.147,0.0,1.03,0.06
410.0,410.0,Namsang,0.0,15.62,9.4,131,2.54,2678,76.9,1.09,1.152,3.4,1.03,0.06
420.0,420.0,Namsang,0.0,18.97,9.2,107,1.83,2520,75.5,1.09,1.134,2.0,1.03,0.06
430.0,430.0,Namsang,0.0,18.95,10.1,95,1.37,2607,76.0,1.09,1.133,3.0,1.03,0.06
440.0,440.0,Namsang,0.0,19.37,9.7,82,2.14,2107,70.9,1.09,1.15,2.9,1.03,0.06
450.0,450.0,Namsang,0.0,20.69,10.4,103,2.5,2905,74.6,1.09,1.149,1.9,1.03,0.06
460.0,460.0,Namsang,0.0,17.75,12.0,85,1.99,2100,74.6,1.09,1.132,1.7,1.03,0.06
470.0,470.0,Namsang,0.0,14.74,10.4,142,2.17,1888,71.4,1.09,1.138,4.9,1.03,0.06
480.0,480.0,Namsang,0.0,17.66,9.3,74,1.36,2438,62.5,1.09,1.155,1.9,1.03,0.06
490.0,490.0,Namsang,0.0,12.82,8.1,142,1.18,2384,63.8,1.09,1.141,1.5,1.03,0.06
500.0,500.0,Namsang,0.0,18.47,13.6,135,1.03,2712,75.0,1.09,1.151,2.7,1.03,0.06
510.0,510.0,Namsang,0.0,12.81,9.4,97,2.03,2421,72.6,1.09,1.129,2.4,1.03,0.06
520.0,520.0,Namsang,0.0,14.76,13.0,75,0.89,2786,73.1,1.09,1.14,0.5,1.03,0.06
530.0,530.0,Namsang,0.0,16.68,10.4,103,1.04,2094,77.5,1.09,1.147,2.5,1.03,0.06
540.0,540.0,Namsang,0.0,15.58,12.9,78,2.74,2062,66.8,1.09,1.135,2.0,1.03,0.06
550.0,550.0,Namsang,0.0,18.46,11.9,89,3.07,2896,73.8,1.09,1.136,1.3,1.03,0.06
560.0,560.0,Girujan Clay,0.0,13.91,10.0,115,3.76,2084,74.2,1.12,1.168,1.8,1.06,0.06
570.0,570.0,Girujan Clay,0.55,10.49,11.4,101,4.21,2070,73.7,1.12,1.16,0.8,1.06,0.06
580.0,580.0,Girujan Clay,1.12,11.18,14.3,100,4.49,2411,73.2,1.12,1.169,4.1,1.06,0.06
590.0,590.0,Girujan Clay,1.68,11.19,13.4,95,2.67,2379,80.6,1.12,1.175,1.9,1.06,0.06
600.0,600.0,Girujan Clay,2.24,12.08,12.4,94,2.7,1855,66.6,1.12,1.181,2.9,1.06,0.06
610.0,610.0,Girujan Clay,2.81,10.99,12.5,86,2.52,2769,66.8,1.12,1.186,3.8,1.06,0.06
620.0,620.0,Girujan Clay,3.37,15.93,11.8,114,4.32,1808,65.3,1.12,1.183,2.7,1.06,0.06
630.0,629.9,Girujan Clay,3.93,10.83,15.6,89,3.39,1814,77.5,1.12,1.175,3.0,1.06,0.06
640.0,639.9,Girujan Clay,4.5,10.95,14.9,93,4.89,2160,73.1,1.12,1.179,2.4,1.06,0.06
650.0,649.9,Girujan Clay,5.06,13.64,14.1,74,4.32,2385,70.1,1.12,1.171,0.0,1.06,0.06
660.0,659.8,Girujan Clay,5.62,10.71,13.3,113,4.86,2200,78.1,1.12,1.166,2.1,1.06,0.06
670.0,669.8,Girujan Clay,6.19,14.82,12.0,90,3.05,2264,69.3,1.12,1.169,0.0,1.06,0.06
680.0,679.7,Girujan Clay,6.75,11.1,14.3,125,3.46,3011,75.1,1.12,1.171,3.9,1.06,0.06
690.0,689.6,Girujan Clay,7.31,12.41,14.5,104,4.78,2422,75.5,1.12,1.174,0.1,1.06,0.06
700.0,699.6,Girujan Clay,7.88,11.63,10.0,126,4.4,2767,70.8,1.12,1.161,0.3,1.06,0.06
710.0,709.5,Girujan Clay,8.44,14.46,10.1,133,3.1,2015,84.2,1.12,1.17,5.3,1.06,0.06
720.0,719.3,Girujan Clay,9.0,11.82,14.4,140,4.15,2917,79.6,1.12,1.162,1.3,1.06,0.06
730.0,729.2,Girujan Clay,9.57,10.63,15.5,128,4.24,3146,79.6,1.12,1.165,3.4,1.06,0.06
740.0,739.1,Girujan Clay,10.13,10.1,13.0,107,3.62,2087,77.6,1.12,1.177,1.9,1.06,0.06
750.0,748.9,Girujan Clay,10.69,13.17,10.5,90,4.88,3101,75.7,1.12,1.161,0.8,1.06,0.06
760.0,758.7,Girujan Clay,11.26,12.55,15.8,91,4.71,2584,83.3,1.12,1.18,1.2,1.06,0.06
770.0,768.5,Girujan Clay,11.82,15.34,13.3,99,4.83,2984,69.0,1.12,1.172,3.4,1.06,0.06
780.0,778.3,Girujan Clay,12.38,13.63,15.6,141,5.13,2201,85.6,1.12,1.168,3.1,1.06,0.06
790.0,788.0,Girujan Clay,12.95,11.84,15.0,70,5.86,1915,80.4,1.12,1.162,6.0,1.06,0.06
800.0,797.8,Girujan Clay,13.51,13.52,14.4,131,4.92,2347,80.0,1.12,1.188,0.7,1.06,0.06
810.0,807.5,Girujan Clay,14.07,9.38,10.1,85,4.49,2139,78.1,1.12,1.175,4.2,1.06,0.06
820.0,817.2,Girujan Clay,14.64,9.79,13.2,108,4.55,2684,77.0,1.12,1.16,2.0,1.06,0.06
830.0,826.8,Girujan Clay,15.2,13.22,13.5,115,4.15,2153,83.2,1.12,1.165,1.9,1.06,0.06
840.0,836.5,Girujan Clay,15.76,14.18,11.2,78,5.34,2646,77.9,1.12,1.189,2.7,1.06,0.06
850.0,846.1,Girujan Clay,16.33,11.45,15.4,115,4.44,2292,86.2,1.12,1.181,3.1,1.06,0.06
860.0,855.7,Girujan Clay,16.89,11.07,12.9,80,6.19,2372,77.3,1.12,1.181,0.3,1.06,0.06
870.0,865.2,Girujan Clay,17.45,11.08,13.7,122,5.43,2845,82.9,1.12,1.189,6.0,1.06,0.06
880.0,874.8,Girujan Clay,18.02,10.67,10.9,88,5.55,3167,78.8,1.12,1.187,1.1,1.06,0.06
890.0,884.3,Girujan Clay,18.58,9.27,13.4,103,6.07,2986,82.9,1.12,1.19,4.7,1.06,0.06
900.0,893.7,Girujan Clay,19.14,13.91,13.2,89,4.92,3115,81.9,1.12,1.178,1.7,1.06,0.06
910.0,903.1,Girujan Clay,19.71,13.19,15.8,91,5.49,2227,71.4,1.12,1.178,1.8,1.06,0.06
920.0,912.5,Girujan Clay,20.27,12.83,9.9,110,6.19,2384,73.9,1.12,1.185,2.5,1.06,0.06
930.0,921.9,Girujan Clay,20.83,9.92,11.8,105,4.75,2839,81.2,1.12,1.181,1.3,1.06,0.06
940.0,931.2,Girujan Clay,21.4,10.57,14.7,94,6.0,2144,80.8,1.12,1.172,0.1,1.06,0.06
950.0,940.5,Girujan Clay,21.96,10.81,11.9,130,5.29,2711,72.3,1.12,1.18,2.7,1.06,0.06
960.0,949.8,Girujan Clay,22.52,12.83,13.1,129,5.39,3172,84.9,1.12,1.164,4.0,1.06,0.06
970.0,959.0,Girujan Clay,23.09,11.2,14.4,140,5.61,2931,76.8,1.12,1.171,2.6,1.06,0.06
980.0,968.2,Girujan Clay,23.65,9.08,13.5,126,5.46,2239,72.5,1.12,1.173,3.6,1.06,0.06
990.0,977.3,Girujan Clay,24.21,12.04,11.0,75,4.88,2315,75.5,1.12,1.188,1.7,1.06,0.06
1000.0,986.4,Girujan Clay,24.78,10.73,11.2,94,7.12,2841,83.3,1.12,1.17,3.2,1.06,0.06
1010.0,995.5,Girujan Clay,25.34,14.37,10.6,86,6.23,2547,85.8,1.12,1.186,2.7,1.06,0.06
1020.0,1004.5,Girujan Clay,25.9,9.43,10.3,137,5.21,1825,77.2,1.12,1.18,2.4,1.06,0.06
1030.0,1013.5,Girujan Clay,26.47,9.86,13.8,124,5.23,2504,77.7,1.12,1.187,6.4,1.06,0.06
1040.0,1022.4,Girujan Clay,27.03,10.86,13.0,138,6.61,2913,83.2,1.12,1.188,0.1,1.06,0.06
1050.0,1031.3,Girujan Clay,27.59,12.11,11.8,90,6.29,2321,78.2,1.12,1.186,3.8,1.06,0.06
1060.0,1040.1,Girujan Clay,28.16,13.24,10.5,85,7.34,3054,83.0,1.12,1.164,0.8,1.06,0.06
1070.0,1048.9,Girujan Clay,28.72,12.67,15.4,131,7.45,2522,85.3,1.12,1.191,0.4,1.06,0.06
1080.0,1057.7,Girujan Clay,29.28,14.01,15.2,111,6.79,2494,80.1,1.12,1.183,1.8,1.06,0.06
1090.0,1066.4,Girujan Clay,29.85,10.08,11.8,121,7.12,2596,77.6,1.12,1.176,3.0,1.06,0.06
1100.0,1075.0,Girujan Clay,30.41,13.54,11.0,134,6.57,2438,84.7,1.12,1.181,2.6,1.06,0.06
1110.0,1083.6,Tipam Sandstone,30.97,11.64,15.0,100,6.45,2697,90.4,1.08,1.132,31.1,0.88,0.2
1120.0,1092.2,Tipam Sandstone,31.3,8.67,11.3,128,7.39,1920,92.0,1.08,1.152,32.3,0.88,0.2
1130.0,1100.7,Tipam Sandstone,31.3,7.98,15.8,121,8.34,3175,79.0,1.08,1.138,29.3,0.88,0.2
1140.0,1109.3,Tipam Sandstone,31.3,7.76,11.2,136,7.13,3044,79.3,1.08,1.131,30.5,0.88,0.2
1150.0,1117.8,Tipam Sandstone,31.3,11.77,11.7,144,8.57,2571,91.1,1.08,1.129,32.0,0.88,0.2
1160.0,1126.3,Tipam Sandstone,31.3,10.16,14.1,116,7.06,2518,76.9,1.08,1.141,29.2,0.88,0.2
1170.0,1134.9,Tipam Sandstone,31.3,12.18,15.8,93,6.92,2918,81.6,1.08,1.139,27.9,0.88,0.2
1180.0,1143.4,Tipam Sandstone,31.3,7.44,13.2,81,6.72,1863,81.1,1.08,1.149,30.3,0.88,0.2
1190.0,1152.0,Tipam Sandstone,31.3,8.7,11.3,88,8.68,1984,89.7,1.08,1.143,32.7,0.88,0.2
1200.0,1160.5,Tipam Sandstone,31.3,8.61,11.2,96,6.68,1894,90.0,1.08,1.148,31.0,0.88,0.2
1210.0,1169.1,Tipam Sandstone,31.3,7.94,14.7,92,8.17,2027,84.4,1.08,1.126,34.7,0.88,0.2
1220.0,1177.6,Tipam Sandstone,31.3,10.26,15.8,74,7.89,1922,94.0,1.08,1.132,27.7,0.88,0.2
1230.0,1186.2,Tipam Sandstone,31.3,8.37,13.7,143,8.74,1916,77.9,1.08,1.138,28.4,0.88,0.2
1240.0,1194.7,Tipam Sandstone,31.3,11.26,14.5,128,7.23,2082,87.5,1.08,1.146,29.5,0.88,0.2
1250.0,1203.2,Tipam Sandstone,31.3,9.0,16.2,125,7.04,2506,83.2,1.08,1.139,29.7,0.88,0.2
1260.0,1211.8,Tipam Sandstone,31.3,7.81,12.4,108,7.02,1957,92.5,1.08,1.15,30.3,0.88,0.2
1270.0,1220.3,Tipam Sandstone,31.3,8.37,16.5,74,6.98,3192,92.8,1.08,1.145,28.0,0.88,0.2
1280.0,1228.9,Tipam Sandstone,31.3,7.27,13.7,141,7.99,2008,82.3,1.08,1.138,33.9,0.88,0.2
1290.0,1237.4,Tipam Sandstone,31.3,11.33,13.8,139,6.54,2262,92.9,1.08,1.141,30.8,0.88,0.2
1300.0,1246.0,Tipam Sandstone,31.3,9.76,16.6,86,7.94,1812,90.2,1.08,1.142,30.9,0.88,0.2
1310.0,1254.5,Tipam Sandstone,31.3,7.68,16.4,124,8.49,2205,95.0,1.08,1.139,32.6,0.88,0.2
1320.0,1263.1,Tipam Sandstone,31.3,8.34,16.5,123,7.53,2605,88.8,1.08,1.153,28.0,0.88,0.2
1330.0,1271.6,Tipam Sandstone,31.3,10.02,12.1,110,7.1,2548,93.4,1.08,1.147,31.6,0.88,0.2
1340.0,1280.1,Tipam Sandstone,31.3,11.7,14.0,107,7.33,2212,95.7,1.08,1.139,29.9,0.88,0.2
1350.0,1288.7,Tipam Sandstone,31.3,9.24,11.2,89,7.45,3186,81.7,1.08,1.144,30.0,0.88,0.2
1360.0,1297.2,Tipam Sandstone,31.3,7.92,12.3,92,6.99,2680,93.6,1.08,1.145,33.6,0.88,0.2
1370.0,1305.8,Tipam Sandstone,31.3,9.67,12.0,129,6.81,1927,90.9,1.08,1.132,28.5,0.88,0.2
1380.0,1314.3,Tipam Sandstone,31.3,10.05,12.7,101,7.62,2519,95.9,1.08,1.136,29.4,0.88,0.2
1390.0,1322.9,Tipam Sandstone,31.3,11.41,13.4,82,8.84,2766,85.4,1.08,1.127,31.5,0.88,0.2
1400.0,1331.4,Tipam Sandstone,31.3,8.24,13.5,91,7.7,1975,80.8,1.08,1.155,30.7,0.88,0.2
1410.0,1340.0,Tipam Sandstone,31.3,10.22,11.4,107,8.85,2515,89.4,1.08,1.141,29.3,0.88,0.2
1420.0,1348.5,Tipam Sandstone,31.3,11.51,15.3,87,8.06,2657,98.1,1.08,1.154,31.3,0.88,0.2
1430.0,1357.0,Tipam Sandstone,31.3,10.33,15.1,92,7.64,1805,86.9,1.08,1.156,30.1,0.88,0.2
1440.0,1365.6,Tipam Sandstone,31.3,10.18,11.9,96,8.67,1889,94.6,1.08,1.145,29.1,0.88,0.2
1450.0,1374.1,Tipam Sandstone,31.3,8.77,16.3,101,7.21,1811,95.5,1.08,1.155,30.0,0.88,0.2
1460.0,1382.7,Tipam Sandstone,31.3,9.05,12.9,119,6.87,1814,90.0,1.08,1.132,32.8,0.88,0.2
1470.0,1391.2,Tipam Sandstone,31.3,7.56,15.7,136,8.52,3034,94.7,1.08,1.134,30.7,0.88,0.2
1480.0,1399.8,Tipam Sandstone,31.3,8.36,13.2,82,7.62,1880,81.5,1.08,1.146,30.7,0.88,0.2
1490.0,1408.3,Tipam Sandstone,31.3,10.19,12.8,138,8.37,2639,94.3,1.08,1.136,30.6,0.88,0.2
1500.0,1416.9,Tipam Sandstone,31.3,8.22,11.8,80,6.74,2514,83.1,1.08,1.144,29.7,0.88,0.2
1510.0,1425.4,Tipam Sandstone,31.3,6.9,11.5,88,8.75,2717,88.2,1.08,1.157,27.7,0.88,0.2
1520.0,1433.9,Tipam Sandstone,31.3,8.13,12.4,139,8.51,2439,87.3,1.08,1.146,29.1,0.88,0.2
1530.0,1442.5,Tipam Sandstone,31.3,11.32,16.0,114,7.49,2946,91.9,1.08,1.154,30.9,0.88,0.2
1540.0,1451.0,Tipam Sandstone,31.3,7.84,12.5,73,7.88,3197,99.2,1.08,1.132,30.7,0.88,0.2
1550.0,1459.6,Tipam Sandstone,31.3,8.18,11.8,127,7.88,2573,98.8,1.08,1.136,31.3,0.88,0.2
1560.0,1468.1,Tipam Sandstone,31.3,8.28,11.1,104,7.65,3068,99.9,1.08,1.133,29.0,0.88,0.2
1570.0,1476.7,Tipam Sandstone,31.3,6.85,16.8,108,7.34,3020,90.1,1.08,1.146,30.8,0.88,0.2
1580.0,1485.2,Tipam Sandstone,31.3,10.8,11.6,119,7.36,2475,92.0,1.08,1.137,28.8,0.88,0.2
1590.0,1493.8,Tipam Sandstone,31.3,10.8,16.0,80,8.17,2709,94.7,1.08,1.134,29.9,0.88,0.2
1600.0,1502.3,Tipam Sandstone,31.3,8.31,16.1,98,8.72,1642,93.7,1.08,1.135,33.5,0.88,0.2
1610.0,1510.9,Tipam Sandstone,31.3,7.92,15.3,143,7.99,1352,89.5,1.08,1.137,30.0,0.88,0.2
1620.0,1519.4,Tipam Sandstone,31.3,6.97,13.6,73,8.21,1912,87.9,1.08,1.136,29.9,0.88,0.2
1630.0,1527.9,Tipam Sandstone,31.3,7.7,12.6,95,7.71,2131,89.5,1.08,1.149,32.4,0.88,0.2
1640.0,1536.5,Tipam Sandstone,31.3,9.45,15.7,94,8.1,1465,94.8,1.08,1.158,32.0,0.88,0.2
1650.0,1545.0,Tipam Sandstone,31.3,8.06,11.1,92,6.84,1658,92.2,1.08,1.143,32.5,0.88,0.2
1660.0,1553.6,Tipam Sandstone,31.3,7.78,12.8,113,7.57,2055,93.4,1.08,1.137,30.0,0.88,0.2
1670.0,1562.1,Tipam Sandstone,31.3,6.75,14.5,138,8.39,1976,94.5,1.08,1.146,33.9,0.88,0.2
1680.0,1570.7,Tipam Sandstone,31.3,8.18,16.0,90,7.62,1240,87.1,1.08,1.15,33.1,0.88,0.2
1690.0,1579.2,Tipam Sandstone,31.3,9.95,14.2,144,8.37,1773,89.3,1.08,1.148,33.3,0.88,0.2
1700.0,1587.8,Tipam Sandstone,31.3,7.82,13.9,109,8.32,1556,92.5,1.08,1.139,34.8,0.88,0.2
1710.0,1596.3,Tipam Sandstone,31.3,8.81,13.9,125,8.92,2183,90.0,1.08,1.152,32.1,0.88,0.2
1720.0,1604.8,Tipam Sandstone,31.3,7.74,12.2,88,6.9,2153,88.6,1.08,1.158,30.5,0.88,0.2
1730.0,1613.4,Tipam Sandstone,31.3,9.97,13.2,140,8.5,1938,102.9,1.08,1.135,29.2,0.88,0.2
1731.7,1614.8,Tipam Sandstone,31.3,9.21,11.8,121,8.52,2153,94.6,1.08,1.138,30.3,0.88,0.2
